"","time","gender","age","degree","country","light","shaq","fossil","kilo","mm","food","inseam","weather","electronCharge","earlyHuman","laser","continents","antibiotics","electronSize","earthCenter","religiousView","dailyLife","SciOnLife","SciEffect"
"1","3/5/2013 14:34:19","Do not wish to answer","18-22","Bachelor Degree in Science or equivalent","United States","TRUE","Yes","6 million and 5 years old","1000 x",0.145,"I don't know","This person is tall","A winter coat","Negative charge","FALSE","TRUE","TRUE","FALSE","True ","TRUE","Yes","FALSE","TRUE","TRUE"
"2","3/5/2013 14:47:37","Male","18-22","High School or equivalent","United States","TRUE","No","6 million and 5 years old","1000 x",0.145,"Dis-agree","This person is short","A Short sleeve shirt","Positive charge","FALSE","FALSE","TRUE","FALSE","True ","TRUE","Yes","FALSE","TRUE","TRUE"
"3","3/5/2013 14:53:48","Female","31-40","High School or equivalent","United States","TRUE","No","6 million and 5 years old","100 x",1.45,"Dis-agree","This person is short","A light jacket","Positive charge","TRUE","FALSE","TRUE","FALSE","True ","TRUE","Yes","Neutral","TRUE","FALSE"
"4","3/5/2013 15:01:34","Do not wish to answer","Option 5","Bachelor Degree in Science or equivalent","United States","Wrong","Yes","Still about 6 million years old.","1000 x",0.145,"Dis-agree","This person is short","A winter coat","Positive charge","FALSE","FALSE","TRUE","FALSE","True ","TRUE","No","FALSE","TRUE","Not sure"
"5","3/5/2013 15:03:33","Female","51-55","High School or equivalent","United States","I don't know.","No","6 million and 5 years old","10 x",0.145,"Dis-agree","This person is tall","A winter coat","Electricity ","FALSE","FALSE","FALSE","TRUE","True ","I do not know.","No","FALSE","TRUE","Not sure"
"6","3/5/2013 16:21:51","Female","56-60","Bachelor Degree in Arts or equivalent","United States","Wrong","No","Still about 6 million years old.","1000 x",0.145,"Dis-agree","This person is short","A Short sleeve shirt","Positive charge","FALSE","FALSE","TRUE","FALSE","True ","TRUE","No","FALSE","TRUE","TRUE"
"7","3/5/2013 16:22:06","Female","18-22","High School or equivalent","United States","TRUE","I don't know.","6 million and 5 years old","10 x",1.45,"Agree","I don't know","A winter coat","Positive charge","FALSE","I do not know. ","TRUE","FALSE","True ","TRUE","No","TRUE","TRUE","FALSE"
"8","3/5/2013 16:27:17","Female","41-50","Master Degree or equivalent","United States","Wrong","No","Still about 6 million years old.","1000 x",0.145,"Dis-agree","This person is short","A Short sleeve shirt","Positive charge","FALSE","FALSE","TRUE","FALSE","True ","TRUE","No","FALSE","TRUE","Not sure"
"9","3/5/2013 18:07:57","Female","31-40","Ph.D. or equivalent","United States","TRUE","Yes","Still about 6 million years old.","1000 x",0.145,"Dis-agree","This person is short","A Short sleeve shirt","Positive charge","FALSE","TRUE","TRUE","FALSE","True ","TRUE","No","FALSE","TRUE","TRUE"
"10","3/5/2013 18:50:42","Male","31-40","Ph.D. or equivalent","Croatia","TRUE","No","6 million and 5 years old","1000 x",1.45,"Dis-agree","This person is short","A Short sleeve shirt","Positive charge","FALSE","FALSE","TRUE","FALSE","True ","TRUE","No","FALSE","TRUE","TRUE"
"11","3/5/2013 19:39:08","Female","18-22","High School or equivalent","United States",NA,"No","6 million and 5 years old","1000 x",0.145,"Dis-agree","I don't know","A light jacket","Positive charge","FALSE","I do not know. ","I do not know. ","TRUE","I do no know. ","TRUE","Yes","Maybe","TRUE","TRUE"
"12","3/7/2013 5:06:06","Female","56-60","Ph.D. or equivalent","United States","Wrong","No","Still about 6 million years old.","1000 x",0.145,"Dis-agree","This person is short","A Short sleeve shirt","Positive charge","FALSE","FALSE","TRUE","FALSE","True ","TRUE","No","FALSE","TRUE","TRUE"
"13","3/13/2013 14:58:00","Female","More than 60 years old","Ph.D. or equivalent","United States","TRUE","Yes","6 million and 5 years old","1000 x",0.0145,"Dis-agree","This person is short","A Short sleeve shirt","Positive charge","FALSE","I do not know. ","TRUE","FALSE","True ","TRUE","No","TRUE","TRUE","TRUE"
"14","3/18/2013 12:21:55","Female","41-50","Ph.D. or equivalent","United States","Wrong","Yes","Still about 6 million years old.","1000 x",0.145,"Dis-agree","I don't know","A Short sleeve shirt","Positive charge","I do not know.","FALSE","TRUE","FALSE","True ","I do not know.","Yes","FALSE","TRUE","Not sure"
"15","3/25/2013 15:19:50","Female","23-30","Bachelor Degree in Science or equivalent","United States","TRUE","Yes","Still about 6 million years old.","1000 x",0.145,"Dis-agree","This person is short","A light jacket","Positive charge","FALSE","I do not know. ",NA,"FALSE","True ","TRUE","Yes","FALSE","TRUE","TRUE"
"16","3/25/2013 15:29:20","Female","23-30","Bachelor Degree in Arts or equivalent","United States","TRUE","No","Still about 6 million years old.","1000 x",0.145,"Dis-agree","I don't know","A Short sleeve shirt","Neutron","FALSE","FALSE","TRUE","TRUE","FALSE","TRUE","No","FALSE","TRUE","TRUE"
"17","3/25/2013 15:29:24","Female","23-30","Bachelor Degree in Arts or equivalent","United States","TRUE","No","Still about 6 million years old.","1000 x",0.0145,"Dis-agree","This person is short","A light jacket","Positive charge","FALSE","I do not know. ","TRUE","FALSE","True ","TRUE","Yes","Neutral","TRUE","Not sure"
"18","3/25/2013 16:41:29","Female","18-22","Bachelor Degree in Arts or equivalent","United States","TRUE","Yes","6 million and 5 years old","1000 x",0.0145,"Dis-agree","This person is short","A Short sleeve shirt","Negative charge","I do not know.","TRUE","TRUE","FALSE","I do no know. ","TRUE","No","FALSE","TRUE","FALSE"
"19","3/25/2013 17:19:04","Male","23-30","Bachelor Degree in Science or equivalent","United States","TRUE","Yes","6 million and 5 years old","1000 x",0.0145,"Dis-agree","This person is short","A winter coat","Positive charge","TRUE","TRUE","TRUE","TRUE","True ","TRUE","Yes","FALSE","TRUE","FALSE"
"20","3/25/2013 17:19:05","Male","23-30","Bachelor Degree in Science or equivalent","United States","TRUE","Yes","6 million and 5 years old","1000 x",0.0145,"Dis-agree","This person is short","A winter coat","Positive charge","TRUE","TRUE","TRUE","TRUE","True ","TRUE","Yes","FALSE","TRUE","FALSE"
"21","3/26/2013 10:41:15","Female","23-30","High School or equivalent","Canada","Wrong","Yes","6 million and 5 years old","10 x",1.45,"Dis-agree","This person is tall","A Short sleeve shirt","Electricity ","FALSE","I do not know. ","TRUE","FALSE","FALSE","TRUE","No","FALSE","TRUE","FALSE"
"22","3/26/2013 10:46:11","Female","23-30","Bachelor Degree in Arts or equivalent","United States","TRUE","Yes","Still about 6 million years old.","1000 x",0.0145,"Agree","This person is short","A winter coat","Positive charge","FALSE","I do not know. ","TRUE","FALSE","True ","TRUE","No","FALSE","TRUE","TRUE"
"23","3/26/2013 10:47:41","Female","18-22","Bachelor Degree in Arts or equivalent","United States","TRUE","Yes","Still about 6 million years old.","1000 x",0.145,"Dis-agree","This person is short","A Short sleeve shirt","Positive charge","FALSE","I do not know. ","TRUE","FALSE","I do no know. ","TRUE","No","FALSE","TRUE","Not sure"
"24","3/26/2013 10:49:55","Male","23-30","Master Degree or equivalent","Mexico","TRUE","Yes","Still about 6 million years old.","1000 x",0.145,"Dis-agree","This person is tall","A Short sleeve shirt","Positive charge","FALSE","FALSE","TRUE","FALSE","FALSE","TRUE","No","FALSE","TRUE","Not sure"
"25","3/26/2013 11:16:14","Female","31-40","Master Degree or equivalent","United States","TRUE","Yes","Still about 6 million years old.","1000 x",0.145,"Dis-agree","This person is short","A Short sleeve shirt","Positive charge","FALSE","I do not know. ","TRUE","FALSE","True ","TRUE","No","FALSE","TRUE","Not sure"
"26","3/26/2013 12:52:59","Female","23-30","Master Degree or equivalent","United Kingdom","TRUE","Yes","6 million and 5 years old","1000 x",1.45,"Dis-agree","This person is short","A Short sleeve shirt","Positive charge","FALSE","FALSE","TRUE","FALSE","True ","TRUE","Yes","FALSE","TRUE","Not sure"
"27","3/26/2013 13:23:58","Female","23-30","Bachelor Degree in Science or equivalent","United States","Wrong","Yes","6 million and 5 years old","1000 x",0.0145,"Dis-agree","This person is short","A winter coat","Positive charge","TRUE","I do not know. ","TRUE","TRUE","FALSE","TRUE","Yes","Neutral","TRUE","Not sure"
"28","3/26/2013 14:00:27","Female","18-22","High School or equivalent","United States","TRUE","I don't know.","Still about 6 million years old.","1000 x",1.45,"I don't know","I don't know","A light jacket","Positive charge","I do not know.","I do not know. ","TRUE","TRUE","FALSE","TRUE","Yes","FALSE","TRUE","TRUE"
"29","3/26/2013 14:01:52","Female","18-22","High School or equivalent","Jamaica","TRUE","Yes","Still about 6 million years old.","1000 x",1.45,"Agree","This person is tall","A Short sleeve shirt","Positive charge","TRUE","TRUE","TRUE","TRUE","FALSE","TRUE","Yes","TRUE","TRUE","TRUE"
"30","3/26/2013 14:02:02","Male","23-30","High School or equivalent","United States","TRUE","Yes","6 million and 5 years old","1000 x",1.45,"I don't know","I don't know","I don't know","Positive charge","FALSE","FALSE","TRUE","I do not know.","True ","TRUE","No","FALSE","TRUE","TRUE"
"31","3/26/2013 14:05:07","Female","18-22","Bachelor Degree in Science or equivalent","United States","TRUE","I don't know.","6 million and 5 years old","1000 x",0.145,"Agree","This person is tall","A winter coat","Negative charge","FALSE","FALSE","TRUE","TRUE","FALSE","TRUE","Yes","FALSE","TRUE","FALSE"
"32","3/26/2013 14:05:36","Female","18-22","Ph.D. or equivalent","United States","Wrong","Yes","Still about 6 million years old.","1000 x",1.45,"Dis-agree","This person is short","A Short sleeve shirt","Positive charge","FALSE","TRUE","FALSE","TRUE","True ","TRUE","Yes","FALSE","FALSE","FALSE"
"33","3/26/2013 14:05:44","Male","18-22","High School or equivalent","United States","TRUE","Yes","6 million and 5 years old","1000 x",1.45,"Dis-agree","This person is tall","A winter coat","Neutron","TRUE","TRUE","TRUE","TRUE","FALSE","TRUE","Yes","TRUE","TRUE","TRUE"
"34","3/26/2013 14:07:44","Female","18-22","High School or equivalent","United States","TRUE","I don't know.","Still about 6 million years old.","1000 x",0.145,"I don't know","This person is short","A winter coat","Positive charge","I do not know.","I do not know. ","TRUE","TRUE","True ","TRUE","I do not know","Maybe","TRUE","Not sure"
"35","3/26/2013 14:08:59","Male","18-22","Bachelor Degree in Arts or equivalent","United States","TRUE","No","Still about 6 million years old.","1000 x",1.45,"Dis-agree","This person is short","I don't know","Positive charge","FALSE","I do not know. ","TRUE","TRUE","FALSE","TRUE","I do not know","FALSE","TRUE","TRUE"
"36","3/26/2013 14:09:27","Male","18-22","High School or equivalent","United States","TRUE","Yes","Still about 6 million years old.","1000 x",0.145,"Dis-agree","This person is short","A Short sleeve shirt","Positive charge","FALSE","FALSE","TRUE","FALSE","True ","TRUE","No","FALSE","TRUE","Not sure"
"37","3/26/2013 14:09:53","Female","18-22","Bachelor Degree in Arts or equivalent","United States","TRUE","I don't know.","6 million and 5 years old","1000 x",1.45,"Agree","I don't know","A winter coat","Positive charge","I do not know.","I do not know. ","TRUE","TRUE","True ","TRUE","Yes","Neutral","TRUE","Not sure"
"38","3/26/2013 14:12:19","Male","18-22","High School or equivalent","United States","TRUE","Yes","6 million and 5 years old","1000 x",0.145,"I don't know","This person is short","A Short sleeve shirt","Positive charge","FALSE","FALSE","TRUE","FALSE","True ","TRUE","Yes","TRUE","TRUE","Not sure"
"39","3/26/2013 14:12:37","Female","18-22","High School or equivalent","United States","TRUE","I don't know.","6 million and 5 years old","1000 x",1.45,"Agree","I don't know","A winter coat","Positive charge","FALSE","FALSE","TRUE","TRUE","FALSE","TRUE","No","Neutral","Not sure","Not sure"
"40","3/26/2013 14:13:35","Female","18-22","High School or equivalent","United States","TRUE","No","6 million and 5 years old","1000 x",0.145,"Dis-agree","This person is short","A Short sleeve shirt","Positive charge","I do not know.","TRUE","TRUE","TRUE","True ","TRUE","Yes","FALSE","TRUE","TRUE"
"41","3/26/2013 14:14:55","Female","23-30","Bachelor Degree in Arts or equivalent","United States","TRUE","Yes","Still about 6 million years old.","1000 x",1.45,"Agree","This person is tall","A light jacket","Positive charge","TRUE","FALSE","TRUE","FALSE","True ","TRUE","Yes","FALSE","TRUE","TRUE"
"42","3/26/2013 14:15:45","Female","18-22","High School or equivalent","United States","TRUE","No","Still about 6 million years old.","1000 x",0.0145,"I don't know","This person is short","A Short sleeve shirt","Positive charge","FALSE","FALSE","TRUE","FALSE","FALSE","I do not know.","No","FALSE","TRUE","Not sure"
"43","3/26/2013 14:16:45","Female","18-22","Bachelor Degree in Science or equivalent","United States","TRUE","Yes","I don't know","1000 x",1.45,"Agree","This person is short","A winter coat","Positive charge","TRUE","TRUE","TRUE","TRUE","FALSE","FALSE","Yes","FALSE","TRUE","TRUE"
"44","3/26/2013 14:18:45","Female","18-22","Bachelor Degree in Arts or equivalent","United States","TRUE","Yes","Still about 6 million years old.","1000 x",1.45,"Dis-agree","This person is tall","A Short sleeve shirt","Positive charge","I do not know.","I do not know. ","TRUE","FALSE","True ","TRUE","Yes","FALSE","TRUE","TRUE"
"45","3/26/2013 14:18:53","Female","18-22","High School or equivalent","United States","TRUE","I don't know.","Still about 6 million years old.","1000 x",1.45,"I don't know","I don't know","I don't know","Positive charge","I do not know.","FALSE","TRUE","TRUE","True ","TRUE","Yes","FALSE","TRUE","FALSE"
"46","3/26/2013 14:19:07","Female","18-22","High School or equivalent","United States","TRUE","I don't know.","Still about 6 million years old.","100 x",1.45,"Agree","This person is short","A winter coat","Neutron","FALSE","FALSE","TRUE","I do not know.","FALSE","FALSE","No","Neutral","TRUE","TRUE"
"47","3/26/2013 14:22:21","Male","23-30","Bachelor Degree in Science or equivalent","United States","TRUE","I don't know.","Still about 6 million years old.","1000 x",1.45,"I don't know","This person is tall","A Short sleeve shirt","Positive charge","FALSE","TRUE","TRUE","FALSE","True ","TRUE","Yes","TRUE","TRUE","FALSE"
"48","3/26/2013 14:22:34","Male","23-30","Bachelor Degree in Arts or equivalent","United States","Wrong","Yes","Still about 6 million years old.","1000 x",1.45,"Agree","This person is tall","A winter coat","Positive charge","TRUE","FALSE","TRUE","FALSE","True ","TRUE","No","TRUE","TRUE","TRUE"
"49","3/26/2013 14:22:44","Male","18-22","High School or equivalent","United States","Wrong","Yes","Still about 6 million years old.","1000 x",0.145,"I don't know","This person is tall","A Short sleeve shirt","Positive charge","TRUE","TRUE","TRUE","FALSE","FALSE","TRUE","No","FALSE","TRUE","TRUE"
"50","3/26/2013 14:23:16","Female","23-30","Bachelor Degree in Science or equivalent","Bahamas","Wrong","Yes","Still about 6 million years old.","1000 x",1.45,"Dis-agree","This person is tall","A winter coat","Positive charge","FALSE","FALSE","TRUE","FALSE","True ","TRUE","Yes","Neutral","TRUE","FALSE"
"51","3/26/2013 14:25:20","Male","23-30","Bachelor Degree in Arts or equivalent","United States","TRUE","No","Still about 6 million years old.","1000 x",1.45,"Agree","This person is tall","A Short sleeve shirt","Positive charge","FALSE","FALSE","TRUE","FALSE","True ","TRUE","Yes","FALSE","TRUE","FALSE"
"52","3/26/2013 14:25:56","Male","23-30","High School or equivalent","Trinidad & Tobago","TRUE","No","Still about 6 million years old.","1000 x",1.45,"I don't know","This person is tall","A Short sleeve shirt","Positive charge","I do not know.","FALSE","TRUE","FALSE","True ","TRUE","Yes","FALSE","TRUE","TRUE"
"53","3/26/2013 14:26:39","Female","18-22","Bachelor Degree in Arts or equivalent","United States","Wrong","No","Still about 6 million years old.","1000 x",1.45,"Dis-agree","This person is tall","A Short sleeve shirt","Positive charge","TRUE","FALSE","TRUE","FALSE","True ","TRUE","Yes","TRUE","TRUE","TRUE"
"54","3/26/2013 14:28:30","Male","18-22","Bachelor Degree in Science or equivalent","United States","Wrong","Yes","Still about 6 million years old.","1000 x",0.0145,"Dis-agree","This person is tall","A winter coat","Positive charge","FALSE","TRUE","TRUE","FALSE","True ","TRUE","Yes","Maybe","TRUE","TRUE"
"55","3/26/2013 17:21:50","Female","31-40","Master Degree or equivalent","United States","TRUE","Yes","Still about 6 million years old.","1000 x",0.145,"Dis-agree","This person is short","A Short sleeve shirt","Positive charge","FALSE","FALSE","TRUE","FALSE","True ","TRUE","No","FALSE","TRUE","TRUE"
"56","3/27/2013 16:39:01","Female","23-30","Master Degree or equivalent","United States","Wrong","Yes","Still about 6 million years old.","1000 x",0.145,"Dis-agree","This person is short","A Short sleeve shirt","Positive charge","FALSE","I do not know. ","TRUE","FALSE","True ","TRUE","No","FALSE","TRUE","TRUE"
"57","3/27/2013 19:37:56","Female","18-22","High School or equivalent","United States","TRUE","Yes","6 million and 5 years old","1000 x",0.145,"Dis-agree","I don't know","A Short sleeve shirt","Positive charge","FALSE","I do not know. ","TRUE","FALSE","FALSE","TRUE","Yes","FALSE","TRUE","Not sure"
"58","3/27/2013 19:41:55","Female","18-22","High School or equivalent","United States","TRUE","Yes","Still about 6 million years old.","1000 x",0.145,"Dis-agree","This person is tall","A Short sleeve shirt","Positive charge","FALSE","FALSE","TRUE","FALSE","True ","TRUE","Yes","FALSE","TRUE","Not sure"
"59","3/27/2013 19:42:17","Female","18-22","Bachelor Degree in Science or equivalent","United States","TRUE","Yes","I don't know","1000 x",0.145,"Dis-agree","This person is short","A Short sleeve shirt","Negative charge","FALSE","FALSE","TRUE","FALSE","True ","TRUE","I do not know","FALSE","TRUE","TRUE"
"60","3/27/2013 19:42:57","Female","18-22","High School or equivalent","United States","TRUE","Yes","6 million and 5 years old","1000 x",0.145,"Dis-agree","This person is short","A Short sleeve shirt","Positive charge","TRUE","FALSE","TRUE","FALSE","True ","TRUE","Yes","FALSE","TRUE","FALSE"
"61","3/27/2013 19:45:11","Female","18-22","High School or equivalent","United States","TRUE","Yes","6 million and 5 years old","100 x",1.45,"I don't know","This person is tall","A winter coat","Negative charge","FALSE","I do not know. ","I do not know. ","TRUE","I do no know. ","TRUE","Yes","Neutral","TRUE","TRUE"
"62","3/27/2013 19:45:56","Female","18-22","High School or equivalent","United States","TRUE","I don't know.","6 million and 5 years old","1000 x",0.0145,"Agree","I don't know","A light jacket","Negative charge","I do not know.","FALSE","I do not know. ","TRUE","FALSE","I do not know.","Yes","FALSE","TRUE","TRUE"
"63","3/27/2013 19:51:11","Female","23-30","Bachelor Degree in Science or equivalent","United States","TRUE","Yes","Still about 6 million years old.","1000 x",0.0145,"Dis-agree","This person is short","A light jacket","Neutron","FALSE","FALSE","TRUE","FALSE","True ","TRUE","No","FALSE","TRUE","TRUE"
"64","3/27/2013 19:56:34","Female","18-22","Bachelor Degree in Arts or equivalent","United States","TRUE","Yes","Still about 6 million years old.","1000 x",0.145,"I don't know","This person is tall","I don't know","Negative charge","FALSE","I do not know. ","TRUE","TRUE","True ","TRUE","I do not know","Maybe","FALSE","FALSE"
"65","3/27/2013 19:58:53","Female","18-22","High School or equivalent","United States","TRUE","Yes","6 million and 5 years old","1000 x",0.145,"Dis-agree","This person is short","A Short sleeve shirt","Negative charge","FALSE","FALSE","TRUE","FALSE","True ","TRUE","No","FALSE","TRUE","TRUE"
"66","3/27/2013 20:07:18","Female","18-22","High School or equivalent","United States","TRUE","Yes","Still about 6 million years old.","1000 x",0.145,"I don't know","This person is tall","A winter coat","Neutron","FALSE","I do not know. ","TRUE","TRUE","FALSE","TRUE","Yes","TRUE","Not sure","Not sure"
"67","3/27/2013 20:12:17","Female","18-22","High School or equivalent","United States","TRUE","Yes","Still about 6 million years old.","1000 x",0.0145,"Dis-agree","This person is short","A Short sleeve shirt","Negative charge","FALSE","FALSE","TRUE","FALSE","True ","TRUE","Yes","Maybe","TRUE","FALSE"
"68","3/27/2013 20:20:15","Female","18-22","High School or equivalent","United States","TRUE","No","I don't know","1000 x",1.45,"Dis-agree","This person is short","A Short sleeve shirt","Negative charge","FALSE","FALSE","TRUE","TRUE","True ","TRUE","Yes","Neutral","FALSE","Not sure"
"69","3/27/2013 20:22:25","Female","18-22","Bachelor Degree in Arts or equivalent","United States","TRUE","Yes","6 million and 5 years old","10 x",1.45,"Agree","I don't know","I don't know","Electricity ","TRUE","FALSE","FALSE","TRUE","I do no know. ","I do not know.","Yes","Neutral","TRUE","TRUE"
"70","3/27/2013 20:36:51","Female","31-40","Bachelor Degree in Science or equivalent","United States","TRUE","Yes","Still about 6 million years old.","1000 x",0.145,"Dis-agree","This person is tall","A Short sleeve shirt","Positive charge","FALSE","TRUE","TRUE","FALSE","True ","TRUE","No","TRUE","TRUE","TRUE"
"71","3/27/2013 21:15:36","Female","18-22","Bachelor Degree in Science or equivalent","United States","TRUE","No","6 million and 5 years old","1000 x",1.45,"I don't know","I don't know","A light jacket","Positive charge","FALSE","FALSE","TRUE","FALSE","True ","TRUE","Yes","FALSE","TRUE","TRUE"
"72","3/27/2013 21:19:55","Female","18-22","High School or equivalent","United States","TRUE","Yes",NA,"100 x",0.0145,"I don't know","This person is tall","A Short sleeve shirt","Negative charge","FALSE","FALSE","TRUE","FALSE","True ","TRUE","Yes","Neutral","TRUE","FALSE"
"73","3/27/2013 21:43:03","Female","18-22","High School or equivalent","United States","TRUE","Yes","6 million and 5 years old","1000 x",0.145,"I don't know","This person is short","A Short sleeve shirt","Positive charge","TRUE","FALSE","TRUE","FALSE","True ","TRUE","No","FALSE","TRUE","Not sure"
"74","3/27/2013 21:43:45","Female","18-22","High School or equivalent","Rwanda","TRUE","Yes","6 million and 5 years old","1000 x",0.145,"Dis-agree","This person is tall","A Short sleeve shirt","Positive charge","FALSE","FALSE","TRUE","FALSE","True ","TRUE","Yes","FALSE","TRUE","TRUE"
"75","3/27/2013 21:43:54","Female","18-22","Bachelor Degree in Arts or equivalent","United States","TRUE","No","6 million and 5 years old","5 x",0.145,"I don't know","This person is short","A light jacket","Positive charge","I do not know.","FALSE","TRUE","TRUE","True ","TRUE","Yes","Neutral","TRUE","FALSE"
"76","3/27/2013 22:33:37","Female","23-30","High School or equivalent","United States","TRUE","Yes","I don't know","1000 x",1.45,"Agree","I don't know","I don't know","Neutron","FALSE","TRUE","TRUE","TRUE","FALSE","TRUE","No","FALSE","FALSE","FALSE"
"77","3/27/2013 22:36:12","Female","18-22","High School or equivalent","United States","TRUE","Yes","6 million and 5 years old","1000 x",0.145,"Dis-agree","This person is short","A light jacket","Positive charge","TRUE","TRUE","TRUE","TRUE","True ","TRUE","Yes","FALSE","Not sure","Not sure"
"78","3/28/2013 0:57:41","Female","18-22","High School or equivalent","United States","TRUE","No","Still about 6 million years old.","1000 x",0.145,"Agree","This person is tall","A Short sleeve shirt","Negative charge","FALSE","FALSE","TRUE","FALSE","True ","TRUE","Yes","FALSE","TRUE","FALSE"
"79","3/28/2013 1:22:43","Female","18-22","Bachelor Degree in Arts or equivalent","United States","TRUE","I don't know.","6 million and 5 years old","1000 x",0.0145,"Agree","I don't know","A winter coat","Positive charge","TRUE","TRUE","FALSE","TRUE","FALSE","TRUE","No","FALSE","TRUE","Not sure"
"80","3/28/2013 1:41:10","Female","18-22","High School or equivalent","United States","TRUE","Yes","Still about 6 million years old.","1000 x",0.145,"I don't know","I don't know","A Short sleeve shirt","Positive charge","FALSE","FALSE","TRUE","I do not know.","I do no know. ","TRUE","Yes","FALSE","FALSE","Not sure"
"81","3/28/2013 1:49:32","Female","18-22","High School or equivalent","United States","TRUE","I don't know.","6 million and 5 years old","1000 x",1.45,"Dis-agree","I don't know","A Short sleeve shirt","Negative charge","FALSE","FALSE","TRUE","FALSE","True ","TRUE","Yes","Maybe","TRUE","Not sure"
"82","3/28/2013 2:15:08","Female","41-50","Ph.D. or equivalent","United States","TRUE","Yes","Still about 6 million years old.","1000 x",0.0145,"Dis-agree","This person is short","A Short sleeve shirt","Negative charge","FALSE","FALSE","TRUE","FALSE","True ","TRUE","No","Neutral","FALSE","Not sure"
"83","3/28/2013 2:16:47","Female","23-30","Bachelor Degree in Arts or equivalent","United States","TRUE","I don't know.","6 million and 5 years old","1000 x",0.145,"Dis-agree","I don't know","I don't know","Negative charge","FALSE","I do not know. ","TRUE","FALSE","True ","TRUE","No","FALSE","TRUE","FALSE"
"84","3/28/2013 4:19:13","Male","56-60","Ph.D. or equivalent","United States","Wrong","No","6 million and 5 years old","1000 x",0.145,"Agree","This person is short","A Short sleeve shirt","Positive charge","FALSE","FALSE","TRUE","FALSE","True ","TRUE","No","FALSE","TRUE","Not sure"
"85","3/28/2013 5:37:24","Female","31-40","High School or equivalent","United States","I don't know.","I don't know.","Still about 6 million years old.","1000 x",1.45,"Agree","This person is short","A Short sleeve shirt","Negative charge","FALSE","I do not know. ","TRUE","FALSE","True ","TRUE","No","Maybe","TRUE","TRUE"
"86","3/28/2013 5:37:49","Female","18-22","High School or equivalent","United States","TRUE","I don't know.","6 million and 5 years old","1000 x",0.0145,"I don't know","This person is short","A winter coat","Neutron","FALSE","I do not know. ","TRUE","FALSE","FALSE","TRUE","Yes","Neutral","TRUE","TRUE"
"87","3/28/2013 6:01:51","Female","18-22","High School or equivalent","United States","I don't know.","Yes","Still about 6 million years old.","10 x",1.45,"Agree","I don't know","A Short sleeve shirt","Neutron","TRUE","I do not know. ","TRUE","TRUE","FALSE","FALSE","Yes","Neutral","TRUE","Not sure"
"88","3/28/2013 6:03:21","Do not wish to answer","56-60","Ph.D. or equivalent",NA,"TRUE","I don't know.","Still about 6 million years old.",NA,NA,"Dis-agree","I don't know","A Short sleeve shirt","Neutron","FALSE","FALSE","TRUE","TRUE","True ","TRUE",NA,"TRUE","TRUE","Not sure"
"89","3/28/2013 6:55:25","Female","18-22","High School or equivalent","Rwanda","TRUE","Yes","Still about 6 million years old.","1000 x",1.45,"Agree","This person is short","A Short sleeve shirt","Positive charge","TRUE","I do not know. ","I do not know. ","TRUE","True ","I do not know.","Yes","FALSE","TRUE","Not sure"
"90","3/28/2013 6:57:09","Female","31-40","Ph.D. or equivalent","United States","Wrong","No","Still about 6 million years old.","1000 x",0.145,"Dis-agree","This person is short","A Short sleeve shirt","Positive charge","FALSE","FALSE","TRUE","FALSE","True ","TRUE","Yes","FALSE","TRUE","FALSE"
"91","3/28/2013 7:09:19","Female","23-30","Master Degree or equivalent","United States","TRUE","Yes","I don't know","1000 x",0.0145,"I don't know","I don't know","I don't know","Negative charge","FALSE","I do not know. ","I do not know. ","TRUE","FALSE","TRUE","Yes","Neutral","TRUE","TRUE"
"92","3/28/2013 7:15:53","Female","23-30","Bachelor Degree in Arts or equivalent","United States","TRUE","Yes","Still about 6 million years old.","1000 x",0.145,"Dis-agree","This person is short","A Short sleeve shirt","Positive charge","FALSE","FALSE","TRUE","I do not know.","True ","TRUE","Yes","FALSE","TRUE","TRUE"
"93","3/28/2013 7:25:59","Female","18-22","High School or equivalent","United States","TRUE","Yes","Still about 6 million years old.","1000 x",0.145,"I don't know","This person is short","A winter coat","Positive charge","FALSE","FALSE","TRUE","FALSE","True ","TRUE","Yes","FALSE","TRUE","Not sure"
"94","3/28/2013 7:29:47","Female","More than 60 years old","Ph.D. or equivalent","United States","TRUE","Yes","Still about 6 million years old.","1000 x",0.145,"Dis-agree","This person is short","A light jacket","Positive charge","FALSE","FALSE","TRUE","FALSE","True ","TRUE","No","FALSE","TRUE","TRUE"
"95","3/28/2013 7:43:26","Female","51-55","Ph.D. or equivalent","United States","Wrong","Yes","Still about 6 million years old.","1000 x",0.145,"Dis-agree","This person is short","A Short sleeve shirt","Positive charge","FALSE","FALSE","TRUE","FALSE","True ","TRUE","No","FALSE","TRUE","TRUE"
"96","3/28/2013 7:44:15","Male","23-30","High School or equivalent","United States","TRUE","Yes","Still about 6 million years old.","100 x",1.45,"Dis-agree","This person is short","A Short sleeve shirt","Neutron","FALSE","FALSE","TRUE","TRUE","FALSE","TRUE","No","FALSE","TRUE","Not sure"
"97","3/28/2013 7:45:17","Female","More than 60 years old","Ph.D. or equivalent","United States","TRUE","Yes","Still about 6 million years old.","1000 x",0.0145,"I don't know","This person is short","A light jacket","Positive charge","TRUE","FALSE","TRUE","FALSE","True ","TRUE","No","FALSE","Not sure","FALSE"
"98","3/28/2013 7:53:09","Female","23-30","Bachelor Degree in Arts or equivalent","United States","Wrong","No","6 million and 5 years old","1000 x",1.45,"I don't know","This person is short","A light jacket","Neutron","FALSE","FALSE","TRUE","FALSE","True ","TRUE","No","TRUE","TRUE","TRUE"
"99","3/28/2013 8:05:44","Female","18-22","High School or equivalent","Ghana","TRUE","I don't know.","I don't know","1000 x",0.145,"I don't know","I don't know","I don't know","Positive charge","I do not know.","I do not know. ","TRUE","TRUE","I do no know. ","TRUE","No","Neutral","TRUE","Not sure"
"100","3/28/2013 8:09:49","Female","23-30","Ph.D. or equivalent","United States","TRUE","Yes","Still about 6 million years old.","1000 x",0.145,"Dis-agree","This person is short","A Short sleeve shirt","Positive charge","FALSE","FALSE","TRUE","FALSE","True ","TRUE","Yes","FALSE","TRUE","TRUE"
"101","3/28/2013 8:09:51","Female","18-22","Bachelor Degree in Science or equivalent","United States","TRUE","I don't know.","6 million and 5 years old","1000 x",0.145,"I don't know","I don't know","A light jacket","Positive charge","FALSE","FALSE","TRUE","FALSE","True ","TRUE","No","FALSE","TRUE","Not sure"
"102","3/28/2013 8:12:38","Male","51-55","Ph.D. or equivalent","United States","Wrong","Yes","Still about 6 million years old.","1000 x",0.145,"Dis-agree","This person is short","A Short sleeve shirt","Positive charge","FALSE","FALSE","TRUE","FALSE","FALSE","TRUE","I do not know","FALSE","TRUE","TRUE"
"103","3/28/2013 8:28:19","Female","18-22","Bachelor Degree in Science or equivalent","Guyana","TRUE","Yes","Still about 6 million years old.","1000 x",0.145,"Dis-agree","This person is short","A Short sleeve shirt","Positive charge","FALSE","FALSE","TRUE","FALSE","True ","TRUE","Yes","FALSE","Not sure","Not sure"
"104","3/28/2013 9:07:03","Male","56-60","Ph.D. or equivalent","United States","TRUE","Yes","Still about 6 million years old.","1000 x",NA,"Dis-agree","This person is tall","A Short sleeve shirt","Positive charge","FALSE","FALSE","TRUE","FALSE","True ","TRUE","No","FALSE","TRUE","FALSE"
"105","3/28/2013 9:07:04","Female","41-50","Master Degree or equivalent","United States","TRUE","I don't know.","6 million and 5 years old","1000 x",0.145,"I don't know","This person is short","A Short sleeve shirt","Neutron","TRUE","FALSE","TRUE","FALSE","True ","TRUE","Yes","FALSE","TRUE","FALSE"
"106","3/28/2013 9:11:46","Female","More than 60 years old","Ph.D. or equivalent","United States","Wrong","No","6 million and 5 years old","100 x",0.0145,"I don't know",NA,"I don't know","Neutron","TRUE","FALSE","TRUE","TRUE","True ","TRUE","Yes","FALSE","TRUE","FALSE"
"107","3/28/2013 9:46:50","Female","18-22","Bachelor Degree in Science or equivalent","United States","TRUE","Yes","I don't know","1000 x",0.145,"I don't know","I don't know","A winter coat","Positive charge","FALSE","I do not know. ","TRUE","FALSE","True ","TRUE","I do not know","FALSE","TRUE","FALSE"
"108","3/28/2013 9:49:48","Female","18-22","Bachelor Degree in Science or equivalent","United States","TRUE","I don't know.","6 million and 5 years old","1000 x",0.145,"Dis-agree","This person is short","A Short sleeve shirt","Positive charge","TRUE","I do not know. ","TRUE","TRUE","True ","TRUE","No","FALSE","TRUE","TRUE"
"109","3/28/2013 9:52:41","Female","18-22","Bachelor Degree in Science or equivalent","United States","Wrong","Yes","Still about 6 million years old.","1000 x",0.145,"Agree","This person is tall","A Short sleeve shirt","Positive charge","TRUE","FALSE","TRUE","FALSE","True ","TRUE","Yes","FALSE","TRUE","Not sure"
"110","3/28/2013 9:55:38","Female","41-50","Master Degree or equivalent","United States","TRUE","Yes","Still about 6 million years old.","1000 x",1.45,"Dis-agree","This person is tall","A Short sleeve shirt","Negative charge","FALSE","FALSE","TRUE","FALSE","I do no know. ","TRUE","No","FALSE","TRUE","TRUE"
"111","3/28/2013 11:29:07","Male","More than 60 years old","Ph.D. or equivalent","United States","Wrong","Yes","6 million and 5 years old","100 x",0.145,"Dis-agree","This person is short","A Short sleeve shirt","Negative charge","FALSE","FALSE","TRUE","FALSE","True ","TRUE","No","FALSE","Not sure","TRUE"
"112","3/28/2013 11:44:43","Male","56-60","Ph.D. or equivalent","United States","TRUE","Yes","Still about 6 million years old.","1000 x",0.145,"Dis-agree","This person is short","A Short sleeve shirt","Positive charge","FALSE","FALSE","TRUE","FALSE","True ","TRUE","No","FALSE","Not sure","Not sure"
"113","3/28/2013 11:54:38","Male","51-55","Ph.D. or equivalent","United States","Wrong","Yes","Still about 6 million years old.","1000 x",0.145,"Dis-agree","This person is short","A Short sleeve shirt","Positive charge","FALSE","FALSE","TRUE","FALSE","True ","TRUE","I do not know","FALSE","TRUE","TRUE"
"114","3/28/2013 12:25:10","Female","18-22","Ph.D. or equivalent","Senegal","TRUE","Yes","6 million and 5 years old","1000 x",0.145,"I don't know","I don't know","A Short sleeve shirt","Negative charge","FALSE","FALSE","TRUE","TRUE","True ","TRUE","No","FALSE","TRUE","FALSE"
"115","3/28/2013 13:14:43","Male","18-22","Bachelor Degree in Arts or equivalent","United States","TRUE","Yes","Still about 6 million years old.","1000 x",0.145,"Dis-agree","This person is short","A Short sleeve shirt","Positive charge","FALSE","FALSE","TRUE","FALSE","True ","TRUE","No","TRUE","TRUE","TRUE"
"116","3/28/2013 14:05:34","Male","41-50","Master Degree or equivalent","United Kingdom","TRUE","Yes","6 million and 5 years old","1000 x",0.145,"Dis-agree","This person is short","A winter coat","Positive charge","I do not know.","I do not know. ","TRUE","FALSE","FALSE","TRUE","No","Neutral","TRUE","TRUE"
"117","3/28/2013 14:18:56","Female","23-30","Ph.D. or equivalent","United States","TRUE","Yes","Still about 6 million years old.","1000 x",0.145,"Dis-agree","This person is short","A Short sleeve shirt","Positive charge","FALSE","FALSE","TRUE","FALSE","True ","TRUE","No","FALSE","TRUE","TRUE"
"118","3/28/2013 17:24:58","Female","18-22","Bachelor Degree in Arts or equivalent","United States","TRUE","No","Still about 6 million years old.","100 x",145000,"Agree","This person is short","A Short sleeve shirt","Electricity ","FALSE","TRUE","TRUE","TRUE","True ","TRUE","No","Maybe","FALSE","FALSE"
"119","3/28/2013 17:46:15","Male","51-55","Ph.D. or equivalent","United States","TRUE","Yes","6 million and 5 years old","1000 x",0.145,"Dis-agree","This person is short","A Short sleeve shirt","Positive charge","FALSE","FALSE","TRUE","FALSE","True ","TRUE","No","FALSE","TRUE","TRUE"
"120","3/28/2013 23:28:48","Male","More than 60 years old","Master Degree or equivalent","United States","TRUE","Yes","Still about 6 million years old.","1000 x",0.145,"Dis-agree","This person is short","A Short sleeve shirt","Positive charge","FALSE","FALSE","TRUE","FALSE","True ","TRUE","No","FALSE","TRUE","TRUE"
"121","3/28/2013 23:32:47","Male","41-50","Master Degree or equivalent","United States","TRUE","I don't know.","I don't know","1000 x",0.145,"Dis-agree","I don't know","I don't know","Positive charge","FALSE","FALSE","TRUE","FALSE","True ","TRUE","I do not know","FALSE","TRUE","Not sure"
"122","3/29/2013 3:18:36","Male","More than 60 years old","Bachelor Degree in Science or equivalent","France","Wrong","Yes","Still about 6 million years old.","1000 x",0.145,"I don't know","This person is short","A Short sleeve shirt","Positive charge","FALSE","FALSE","TRUE","FALSE","True ","FALSE","No","FALSE","TRUE","TRUE"
"123","3/29/2013 4:39:40","Male","More than 60 years old","Master Degree or equivalent","South Africa","TRUE","Yes","Still about 6 million years old.","1000 x",0.145,"Dis-agree","This person is short","A Short sleeve shirt","Positive charge","FALSE","FALSE","TRUE","FALSE","True ","TRUE","I do not know","FALSE","TRUE","Not sure"
"124","3/29/2013 5:31:58","Male","More than 60 years old","Master Degree or equivalent","United States","TRUE","Yes","Still about 6 million years old.","1000 x",0.145,"Dis-agree","This person is short","A Short sleeve shirt","Positive charge","FALSE","FALSE","TRUE","FALSE","True ","TRUE","No","FALSE","TRUE","TRUE"
"125","3/29/2013 5:42:30","Male","31-40","M.D. or equivalent","Poland","TRUE","Yes","Still about 6 million years old.","1000 x",0.145,"Dis-agree","This person is short","A Short sleeve shirt","Positive charge","FALSE","FALSE","TRUE","FALSE","True ","TRUE","No","FALSE","TRUE","TRUE"
"126","3/29/2013 6:10:55","Male","More than 60 years old","High School or equivalent","Kenya","TRUE","Yes","6 million and 5 years old","1000 x",0.145,"Agree","This person is short","A Short sleeve shirt","Neutron","FALSE","FALSE","TRUE","FALSE","I do no know. ","TRUE","No","FALSE","TRUE","TRUE"
"127","3/29/2013 6:34:41","Male","31-40","High School or equivalent","United States","TRUE","I don't know.","Still about 6 million years old.","1000 x",0.145,"Dis-agree","This person is short","A Short sleeve shirt","Positive charge","FALSE","FALSE","TRUE","FALSE","True ","TRUE","Yes","FALSE","TRUE","TRUE"
"128","3/29/2013 7:08:44","Male","31-40","Bachelor Degree in Science or equivalent","United States","TRUE","Yes","Still about 6 million years old.","1000 x",0.145,"Dis-agree","This person is short","A Short sleeve shirt","Positive charge","FALSE","FALSE","TRUE","FALSE","True ","TRUE","Yes","FALSE","TRUE","TRUE"
"129","3/29/2013 7:22:27","Male","56-60","High School or equivalent","Kenya","Wrong","Yes","6 million and 5 years old","100 x",0.145,"Agree","This person is short","A Short sleeve shirt","Neutron","FALSE","FALSE","TRUE","FALSE","I do no know. ","TRUE","No","FALSE","TRUE","TRUE"
"130","3/29/2013 8:14:17","Male","56-60","Bachelor Degree in Science or equivalent","South Africa","TRUE","Yes","6 million and 5 years old","1000 x",0.145,"Dis-agree","This person is short","A Short sleeve shirt","Positive charge","FALSE","FALSE","TRUE","FALSE","True ","TRUE","No","FALSE","TRUE","TRUE"
"131","3/29/2013 8:23:10","Female","56-60","High School or equivalent","United Kingdom","TRUE","Yes","6 million and 5 years old","1000 x",0.145,"Agree","This person is short","A Short sleeve shirt","Positive charge","FALSE","TRUE","TRUE","TRUE","True ","TRUE","No","TRUE","TRUE","TRUE"
"132","3/29/2013 8:23:37","Female","56-60","High School or equivalent","United Kingdom","TRUE","Yes","6 million and 5 years old","1000 x",0.145,"Agree","This person is short","A Short sleeve shirt","Positive charge","FALSE","TRUE","TRUE","TRUE","True ","TRUE","No","TRUE","TRUE","TRUE"
"133","3/29/2013 9:03:08","Male","56-60","Bachelor Degree in Science or equivalent","United States","TRUE","Yes","6 million and 5 years old","1000 x",0.145,"Agree","This person is short","A Short sleeve shirt","Positive charge","FALSE","FALSE","TRUE","I do not know.","True ","TRUE","No","FALSE","FALSE","FALSE"
"134","3/29/2013 11:02:02","Male","41-50","Master Degree or equivalent","United States","TRUE","Yes","Still about 6 million years old.","1000 x",0.145,"I don't know","This person is short","I don't know","Neutron","FALSE","I do not know. ","TRUE","I do not know.","True ","TRUE","Yes","FALSE","TRUE","TRUE"
"135","3/29/2013 11:22:17","Male","41-50","Ph.D. or equivalent","United States","TRUE","Yes","Still about 6 million years old.","1000 x",0.145,"Dis-agree","This person is short","A Short sleeve shirt","Positive charge","FALSE","FALSE","TRUE","FALSE","True ","TRUE","No","TRUE","TRUE","TRUE"
"136","3/29/2013 13:25:25","Male","More than 60 years old","Master Degree or equivalent","Syria","TRUE","Yes","Still about 6 million years old.","1000 x",0.145,"Dis-agree","This person is short","A Short sleeve shirt","Positive charge","FALSE","FALSE","TRUE","FALSE","True ","TRUE","No","FALSE","TRUE","Not sure"
"137","3/29/2013 14:12:33","Male","51-55","Master Degree or equivalent","United States","TRUE","I don't know.","Still about 6 million years old.","1000 x",0.145,"Dis-agree","This person is short","A Short sleeve shirt","Positive charge","FALSE","FALSE","TRUE","FALSE","True ","TRUE","No","FALSE","TRUE","TRUE"
"138","3/29/2013 14:33:45","Male","More than 60 years old","Ph.D. or equivalent","United States","TRUE","Yes","Still about 6 million years old.","1000 x",0.145,"Dis-agree","This person is short","A Short sleeve shirt","Positive charge","FALSE","FALSE","TRUE","TRUE","True ","TRUE","No","FALSE","TRUE","TRUE"
"139","3/29/2013 16:25:34","Female","31-40","Ph.D. or equivalent","United States","TRUE","Yes","Still about 6 million years old.","1000 x",0.145,"I don't know","This person is short","A light jacket","Positive charge","TRUE","TRUE","TRUE","FALSE","True ","TRUE","Yes","Maybe","Not sure","Not sure"
"140","3/29/2013 16:32:02","Male","31-40","High School or equivalent","United States","TRUE","Yes","Still about 6 million years old.","1000 x",0.0145,"I don't know","This person is short","A Short sleeve shirt","Positive charge","FALSE","FALSE","TRUE","TRUE","True ","TRUE","Yes","FALSE","Not sure","Not sure"
"141","3/29/2013 16:34:21","Female","More than 60 years old","Bachelor Degree in Arts or equivalent","United States","Wrong","Yes","Still about 6 million years old.","10 x",1.45,"Dis-agree","This person is short","A Short sleeve shirt","Negative charge","FALSE","FALSE","TRUE","FALSE","FALSE","TRUE","No","FALSE","TRUE","TRUE"
"142","3/29/2013 17:21:24","Do not wish to answer","51-55","Ph.D. or equivalent","United States","TRUE","Yes","Still about 6 million years old.","1000 x",0.145,"Dis-agree","This person is short","A light jacket","Positive charge","FALSE","FALSE","TRUE","FALSE","True ","TRUE","I do not know","TRUE","TRUE","Not sure"
"143","3/29/2013 18:33:49","Male","41-50","Bachelor Degree in Science or equivalent","Poland","TRUE","Yes","Still about 6 million years old.","1000 x",0.145,"I don't know","This person is short","A Short sleeve shirt","Positive charge","FALSE","FALSE","TRUE","FALSE","True ","TRUE","No","Neutral","TRUE","TRUE"
"144","3/29/2013 20:10:51","Male","41-50","High School or equivalent","United States","TRUE","Yes","6 million and 5 years old","1000 x",0.145,"I don't know","This person is short","A Short sleeve shirt","Positive charge","FALSE","FALSE","TRUE","I do not know.","True ","TRUE","No","FALSE","Not sure","TRUE"
"145","3/29/2013 21:42:10","Male","18-22","Bachelor Degree in Science or equivalent","United States","TRUE","Yes","Still about 6 million years old.","1000 x",0.145,"I don't know","I don't know","A Short sleeve shirt","Positive charge","FALSE","I do not know. ","TRUE","FALSE","I do no know. ","TRUE","No","FALSE","TRUE","TRUE"
"146","3/30/2013 9:50:20","Male","31-40","Ph.D. or equivalent","China","TRUE","Yes","Still about 6 million years old.","1000 x",0.145,"Dis-agree","This person is short","A Short sleeve shirt","Negative charge","FALSE","FALSE","TRUE","FALSE","True ","TRUE","No","FALSE","TRUE","TRUE"
"147","3/30/2013 11:41:27","Female","18-22","Bachelor Degree in Arts or equivalent",NA,"TRUE","I don't know.","Still about 6 million years old.","100 x",1.45,"Dis-agree","This person is short","I don't know","Positive charge","FALSE","FALSE","TRUE","TRUE","I do no know. ","TRUE","Yes","Maybe","TRUE","Not sure"
"148","3/30/2013 12:20:40","Male","51-55","Bachelor Degree in Arts or equivalent","United States","TRUE","Yes","Still about 6 million years old.","1000 x",0.145,"Dis-agree","This person is short","A Short sleeve shirt","Positive charge","FALSE","FALSE","TRUE","FALSE","True ","TRUE","No","FALSE","TRUE","TRUE"
"149","3/30/2013 12:30:33","Female","41-50","High School or equivalent","United States","I don't know.","Yes","Still about 6 million years old.","1000 x",0.0145,"Agree","I don't know","I don't know","Negative charge","I do not know.","I do not know. ","TRUE","FALSE","FALSE","TRUE","No","TRUE","TRUE","FALSE"
"150","3/30/2013 13:11:47","Male","41-50","Bachelor Degree in Science or equivalent","United Kingdom","TRUE","Yes","Still about 6 million years old.","1000 x",0.145,"I don't know","This person is short","A Short sleeve shirt","Positive charge","FALSE","FALSE","TRUE","FALSE","True ","TRUE","I do not know","TRUE","TRUE","TRUE"
"151","3/30/2013 13:12:05","Female","41-50","Master Degree or equivalent","Russian Federation","Wrong","Yes","Still about 6 million years old.",NA,0.145,"I don't know","This person is short","A Short sleeve shirt","Positive charge","FALSE","FALSE","TRUE","FALSE","True ","TRUE","No","FALSE","Not sure","Not sure"
"152","3/30/2013 13:18:26","Male","41-50","Ph.D. or equivalent","Russian Federation","TRUE","Yes","6 million and 5 years old","1000 x",0.145,"Dis-agree","This person is short","A Short sleeve shirt","Positive charge","FALSE","FALSE","TRUE","TRUE","True ","TRUE","No","TRUE","TRUE","TRUE"
"153","3/30/2013 13:39:11","Male","More than 60 years old","Bachelor Degree in Science or equivalent","United Kingdom","TRUE","Yes","6 million and 5 years old","1000 x",0.145,"Dis-agree","This person is short","A Short sleeve shirt","Positive charge","FALSE","FALSE","TRUE","FALSE","True ","TRUE","No","FALSE","TRUE","TRUE"
"154","3/30/2013 14:04:25","Male","More than 60 years old","Master Degree or equivalent","United States","TRUE","Yes","Still about 6 million years old.","1000 x",0.145,"Dis-agree","This person is tall","A Short sleeve shirt","Positive charge","FALSE","FALSE","TRUE","FALSE","True ","TRUE","No","FALSE","TRUE","TRUE"
"155","3/30/2013 14:12:40","Male","18-22","Bachelor Degree in Science or equivalent","United States","TRUE","Yes","6 million and 5 years old","1000 x",0.145,"Dis-agree","This person is short","A light jacket","Negative charge","FALSE","FALSE","TRUE","TRUE","True ","TRUE","No","FALSE","TRUE","TRUE"
"156","3/30/2013 14:41:30","Male","56-60","Bachelor Degree in Science or equivalent","United States","TRUE","Yes","6 million and 5 years old","1000 x",0.145,"Dis-agree","This person is short","A light jacket","Neutron","TRUE","FALSE","TRUE","FALSE","True ","TRUE","No","FALSE","TRUE","TRUE"
"157","3/30/2013 14:43:02","Male","41-50","High School or equivalent","United Kingdom","Wrong","Yes","Still about 6 million years old.","1000 x",1.45,"I don't know","This person is tall","A Short sleeve shirt","Neutron","I do not know.","FALSE","TRUE","FALSE","True ","TRUE","I do not know","Maybe","TRUE","TRUE"
"158","3/30/2013 16:26:35","Male","More than 60 years old","High School or equivalent","United States","Wrong","Yes","Still about 6 million years old.","1000 x",1.45,"I don't know","This person is tall","A Short sleeve shirt","Neutron","FALSE","FALSE","TRUE","FALSE","True ","FALSE","No","FALSE","TRUE","TRUE"
"159","3/30/2013 16:47:20","Male","51-55","High School or equivalent","United States","TRUE","Yes","6 million and 5 years old","1000 x",0.145,"Dis-agree","This person is short","A Short sleeve shirt","Positive charge","FALSE","FALSE","TRUE","FALSE","True ","TRUE","No","FALSE","TRUE","TRUE"
"160","3/30/2013 17:18:51","Female","18-22","Bachelor Degree in Science or equivalent","United States","Wrong","Yes","Still about 6 million years old.","1000 x",0.0145,"Agree","I don't know","A light jacket","Positive charge","FALSE","I do not know. ","TRUE","TRUE","True ","TRUE","I do not know","FALSE","TRUE","TRUE"
"161","3/30/2013 17:35:30","Male","31-40","Master Degree or equivalent","Australia","TRUE","Yes","Still about 6 million years old.","1000 x",0.0145,"Dis-agree","This person is short","A Short sleeve shirt","Positive charge","FALSE","I do not know. ","TRUE","FALSE","FALSE","TRUE","No","FALSE","TRUE","TRUE"
"162","3/30/2013 17:56:44","Male","56-60","Bachelor Degree in Arts or equivalent","United States","TRUE","Yes","Still about 6 million years old.","1000 x",0.145,"Dis-agree","This person is short","A Short sleeve shirt","Positive charge","FALSE","FALSE","TRUE","FALSE","True ","TRUE","No","FALSE","TRUE","TRUE"
"163","3/30/2013 18:11:15","Male","56-60","Ph.D. or equivalent","United States","I don't know.","Yes","Still about 6 million years old.","1000 x",0.145,"I don't know","This person is short","A Short sleeve shirt","Neutron","FALSE","TRUE","I do not know. ","FALSE","FALSE","I do not know.","No","FALSE","TRUE","TRUE"
"164","3/30/2013 18:25:03","Male","51-55","Bachelor Degree in Science or equivalent","United States","TRUE","Yes","Still about 6 million years old.","1000 x",0.145,"Dis-agree","This person is short","A Short sleeve shirt","Positive charge","FALSE","FALSE","TRUE","FALSE","True ","TRUE","No","FALSE","Not sure","Not sure"
"165","3/30/2013 18:30:31","Male","41-50","High School or equivalent","United States","TRUE","Yes","Still about 6 million years old.","1000 x",0.145,"Dis-agree","This person is short","A Short sleeve shirt","Positive charge","FALSE","FALSE","TRUE","I do not know.","True ","TRUE","No","FALSE","TRUE","TRUE"
"166","3/30/2013 19:14:59","Male","31-40","Bachelor Degree in Arts or equivalent","Canada","TRUE","Yes","6 million and 5 years old","1000 x",0.145,"Dis-agree","This person is short","A Short sleeve shirt","Negative charge","FALSE","FALSE","TRUE","FALSE","True ","TRUE","No","FALSE","TRUE","TRUE"
"167","3/30/2013 19:18:34","Male","23-30","Master Degree or equivalent","India","TRUE","Yes","6 million and 5 years old","1000 x",0.145,"Dis-agree","I don't know","A Short sleeve shirt","Positive charge","FALSE","FALSE","TRUE","FALSE","True ","TRUE","No","FALSE","TRUE","TRUE"
"168","3/30/2013 19:43:26","Male","51-55","Bachelor Degree in Arts or equivalent","United States","TRUE","Yes","Still about 6 million years old.","100 x",0.145,"Dis-agree","This person is short","A Short sleeve shirt","Positive charge","FALSE","FALSE","TRUE","FALSE","True ","TRUE","No","FALSE","TRUE","TRUE"
"169","3/30/2013 19:47:37","Male","31-40","Ph.D. or equivalent","United States","TRUE","Yes","Still about 6 million years old.",NA,0.145,"Dis-agree","This person is short","A light jacket","Positive charge","FALSE","FALSE","TRUE","FALSE","True ","TRUE","No","FALSE","Not sure","TRUE"
"170","3/30/2013 20:13:35","Male","31-40","Bachelor Degree in Science or equivalent","Australia","TRUE","Yes","Still about 6 million years old.","1000 x",0.145,"Dis-agree","This person is short","A Short sleeve shirt","Positive charge","FALSE","FALSE","TRUE","FALSE","True ","TRUE","Yes","FALSE","TRUE","Not sure"
"171","3/30/2013 22:01:05","Male","18-22","Bachelor Degree in Science or equivalent","Australia","TRUE","Yes","Still about 6 million years old.","1000 x",0.145,"Dis-agree","This person is short","A Short sleeve shirt","Positive charge","FALSE","FALSE","TRUE","FALSE","True ","TRUE","No","Neutral","TRUE","TRUE"
"172","3/30/2013 22:02:00","Male","18-22","Bachelor Degree in Science or equivalent","United States","TRUE","Yes","Still about 6 million years old.","1000 x",0.0145,"Dis-agree","This person is short","A Short sleeve shirt","Negative charge","FALSE","FALSE","TRUE","FALSE","FALSE","TRUE","No","FALSE","TRUE","TRUE"
"173","3/30/2013 22:18:59","Male","23-30","Bachelor Degree in Arts or equivalent","United States","TRUE","Yes","Still about 6 million years old.","1000 x",0.145,"Dis-agree","This person is short","A Short sleeve shirt","Positive charge","FALSE","FALSE","TRUE","FALSE",NA,"TRUE","No","TRUE","TRUE","TRUE"
"174","3/31/2013 0:23:35","Male","23-30","Bachelor Degree in Science or equivalent","United States","TRUE","Yes","Still about 6 million years old.","1000 x",0.145,"Dis-agree","This person is short","A Short sleeve shirt","Positive charge","FALSE","FALSE","TRUE","FALSE","True ","TRUE","No","FALSE","TRUE","TRUE"
"175","3/31/2013 1:45:07","Male","51-55","Bachelor Degree in Arts or equivalent","United States","TRUE","Yes","6 million and 5 years old","1000 x",1.45,"Agree","This person is tall","A Short sleeve shirt","Positive charge","FALSE","FALSE","TRUE","FALSE","True ","TRUE",NA,"Neutral","Not sure","TRUE"
"176","3/31/2013 2:00:48","Male","31-40","Bachelor Degree in Arts or equivalent","United States","Wrong","Yes","Still about 6 million years old.","1000 x",0.145,"Dis-agree","This person is short","A Short sleeve shirt","Positive charge","FALSE","FALSE","TRUE","I do not know.","True ","TRUE","No","Neutral","Not sure","Not sure"
"177","3/31/2013 2:46:50","Male","31-40","Bachelor Degree in Science or equivalent","Canada","TRUE","Yes","Still about 6 million years old.","1000 x",0.145,"Dis-agree","This person is short","A Short sleeve shirt","Positive charge","FALSE","FALSE","TRUE","FALSE","True ","TRUE","No","FALSE","TRUE","TRUE"
"178","3/31/2013 7:59:28","Male","31-40","Ph.D. or equivalent","Norway","TRUE","Yes","Still about 6 million years old.","1000 x",0.145,"Dis-agree","This person is short","A Short sleeve shirt","Positive charge","FALSE","FALSE","TRUE","FALSE","True ","TRUE","No","FALSE","TRUE","TRUE"
"179","3/31/2013 17:21:59","Female","18-22","Bachelor Degree in Science or equivalent","United States",NA,"Yes","Still about 6 million years old.","1000 x",0.145,"Dis-agree","This person is short","A Short sleeve shirt","Positive charge","FALSE","FALSE","TRUE","FALSE","True ","TRUE","No","FALSE","TRUE","Not sure"
"180","3/31/2013 17:25:53","Male","More than 60 years old","Ph.D. or equivalent","United States","Wrong","Yes","6 million and 5 years old","1000 x",1.45,"Dis-agree","This person is tall","A Short sleeve shirt","Negative charge","FALSE","FALSE","TRUE","FALSE","True ","TRUE","No","FALSE","TRUE","Not sure"
"181","3/31/2013 17:31:05","Female","31-40","Master Degree or equivalent","United States","TRUE","No","Still about 6 million years old.","1000 x",145000,"Dis-agree","This person is short","A Short sleeve shirt",NA,"FALSE","FALSE","TRUE","TRUE","True ","TRUE","No","FALSE","TRUE","Not sure"
"182","3/31/2013 19:30:12","Male","41-50","High School or equivalent","United States","TRUE","Yes","Still about 6 million years old.","1000 x",0.145,"Dis-agree","This person is short","A Short sleeve shirt","Positive charge","FALSE","FALSE","TRUE","I do not know.","True ","TRUE","No","FALSE","TRUE","TRUE"
"183","3/31/2013 23:06:00","Male","18-22","Ph.D. or equivalent","United States","TRUE","Yes","Still about 6 million years old.","1000 x",0.145,"Dis-agree","This person is short","A Short sleeve shirt","Positive charge","FALSE","FALSE","TRUE","FALSE","True ","TRUE","No","FALSE","TRUE","TRUE"
"184","4/1/2013 0:07:04","Male","More than 60 years old","Bachelor Degree in Arts or equivalent","United States","TRUE","No","Still about 6 million years old.","1000 x",0.0145,"Dis-agree","This person is short","A winter coat","Positive charge","FALSE","FALSE","TRUE","FALSE","True ","TRUE","No","FALSE","TRUE","Not sure"
"185","4/1/2013 0:50:00","Male","56-60","High School or equivalent","United Kingdom","TRUE","Yes","Still about 6 million years old.","1000 x",0.145,"Dis-agree","This person is short","A Short sleeve shirt","Positive charge","FALSE","FALSE","TRUE","FALSE","True ","TRUE","No","Maybe","TRUE","TRUE"
"186","4/1/2013 10:31:58","Male","More than 60 years old","Master Degree or equivalent","United States","TRUE","Yes","6 million and 5 years old","1000 x",0.145,"I don't know","This person is short","A Short sleeve shirt","Positive charge","FALSE","FALSE","TRUE","FALSE","True ","TRUE","No","FALSE","TRUE","TRUE"
"187","4/1/2013 11:47:05","Female","23-30","Master Degree or equivalent","Lebanon","I don't know.","Yes","Still about 6 million years old.","1000 x",0.145,"I don't know","This person is short","A Short sleeve shirt","Neutron","I do not know.","I do not know. ","TRUE","TRUE","I do no know. ","TRUE","I do not know","Neutral","TRUE","TRUE"
"188","4/1/2013 12:02:16","Female","18-22","Bachelor Degree in Science or equivalent","United States","TRUE","Yes","Still about 6 million years old.","1000 x",1.45,"Agree","This person is short","A light jacket","Positive charge","FALSE","TRUE","TRUE","FALSE","FALSE","TRUE","Yes","FALSE","TRUE","TRUE"
"189","4/1/2013 12:31:17","Female","18-22","Bachelor Degree in Arts or equivalent","United States","Wrong","Yes","Still about 6 million years old.","1000 x",1.45,"Dis-agree","This person is tall","A light jacket","Positive charge","FALSE","I do not know. ","TRUE","TRUE","True ","TRUE","Yes","Neutral","TRUE","TRUE"
"190","4/1/2013 15:30:22","Male","18-22","Bachelor Degree in Arts or equivalent","United States","TRUE","Yes","6 million and 5 years old","1000 x",0.0145,"Agree","I don't know","A Short sleeve shirt","Neutron","TRUE","FALSE","TRUE","TRUE","True ","TRUE","No","FALSE","Not sure","Not sure"
"191","4/1/2013 15:32:50","Female","18-22","Bachelor Degree in Arts or equivalent","United States","I don't know.","I don't know.","6 million and 5 years old","100 x",1.45,"I don't know","This person is tall","A light jacket","Positive charge","FALSE","FALSE","TRUE","TRUE","FALSE","I do not know.","No","Neutral","TRUE","Not sure"
"192","4/1/2013 15:35:07","Male","31-40","Ph.D. or equivalent","China","TRUE","I don't know.","Still about 6 million years old.","1000 x",1.45,"Dis-agree","I don't know","A Short sleeve shirt","Electricity ","FALSE","FALSE","TRUE","I do not know.","FALSE","FALSE","I do not know","FALSE","Not sure","Not sure"
"193","4/1/2013 15:36:00","Female","23-30","Bachelor Degree in Arts or equivalent","United States","I don't know.","Yes","Still about 6 million years old.","1000 x",0.0145,"I don't know","This person is tall","A Short sleeve shirt","Negative charge","FALSE","FALSE","TRUE","FALSE","I do no know. ","I do not know.","No","FALSE","TRUE","TRUE"
"194","4/1/2013 15:37:11","Female","18-22","Bachelor Degree in Arts or equivalent","United States","TRUE","I don't know.","6 million and 5 years old","100 x",1.45,"Agree","This person is short","A light jacket","Positive charge","TRUE","TRUE","I do not know. ","TRUE","True ","TRUE","No","FALSE","Not sure","FALSE"
"195","4/1/2013 15:39:12","Male","18-22","Bachelor Degree in Arts or equivalent","United States","Wrong","No","Still about 6 million years old.","1000 x",0.145,"Dis-agree","This person is short","A Short sleeve shirt","Positive charge","FALSE","FALSE","TRUE","FALSE","True ","TRUE","No","FALSE","TRUE","Not sure"
"196","4/1/2013 16:25:24","Female","More than 60 years old","Master Degree or equivalent","United States","I don't know.","No","6 million and 5 years old","1000 x",0.0145,"Dis-agree","This person is short","A Short sleeve shirt","Negative charge","FALSE","TRUE","TRUE","FALSE","True ","TRUE","Yes","FALSE","TRUE","TRUE"
